🔍 Genova Medical-Aesthetics Competitor Intelligence  |  vs Dott.ssa Alena Krot,,,,,,,,,
📅 Scope: Local Genova + Key Medical Directories competing for same search intent  |  June 2026,,,,,,,,,
#,Competitor,Type,City / Scope,Primary Services,Website,Est. Monthly Visits,Review Score,Total Reviews,Key Differentiator
1,🏥 CDS – Casa della Salute,Medical Network,Genova (40 locations),"Medicina estetica, fisio, diagnostica",cds.it,"120,000+",4.5,"6,959",Largest multi-specialty network; online booking via Doctolib
2,📱 MioDottore.it,Medical Directory,National / Genova SEO,"Doctor search, bookings, reviews",miodottore.it,"2,500,000+",4.2,—,Dominant search-intent aggregator for 'medico estetico Genova'
3,📱 Doctolib.it,Booking Platform,National / Genova SEO,"Online booking, telemedicine",doctolib.it,"1,800,000+",4.4,—,Fast-growing EU booking platform; strong UX & SEO
4,📱 iDoctors.it,Medical Directory,National / Genova SEO,"Specialist search, reviews, pricing",idoctors.it,"350,000+",4.1,—,Price-transparent listings; ranks for 'medico estetico Genova'
5,⭐ Top Doctors Italia,Medical Directory,National / Genova SEO,Verified specialist profiles,topdoctors.it,"500,000+",4.6,—,Premium 'verified expert' positioning; strong brand trust
6,💉 Dott.ssa Laura Bisaccia,Individual Practice,Genova Centro,"Medicina estetica, tricologia, laser",laurabisaccia.it,"1,500–3,000",4.8,85+,Strong Instagram persona 'Queen L'; loyal niche following
7,💊 Dott.ssa Monica De Stefani,Individual Practice,Genova Centro,Chirurgia & medicina estetica,monicadestefani.it,"800–1,500",4.6,60+,"Established brand, SIES member; good content on website"
8,🌿 Dott.ssa Valeria Puggioni,Individual Practice,Genova Centro,"Filler, acido ialuronico, biostimolaz.",puggionivaleria.it,"600–1,200",4.5,40+,Clear personal branding; central location Via Fieschi
9,🔬 Dott. Antonio Cella,Surgical Practice,Genova & Brescia,Chirurgia plastica estetica,antoniocella.com,"2,000–4,000",4.7,90+,SICPRE member; dual-city presence; high-value surgical SEO
10,🩺 Dr. Eleonora Magda Seghi,Individual Practice,Genova Piazza Vittoria,"Medicina estetica, anti-aging",dreleonoramagdaseghi.com,400–900,4.4,30+,Dual location GE+AT; competitive pricing; direct email leads