"#","Titolo SEO","H1","Keyword primaria","Keyword secondarie","CTA locale"
"1","Cosmetologa Genova: trattamenti viso personalizzati per una pelle più luminosa","Cosmetologa a Genova: come scegliere il trattamento viso giusto","cosmetologa Genova","trattamenti viso Genova; consulenza pelle Genova; skincare professionale Genova; centro estetico Genova; trattamento viso personalizzato Genova","Prenota una consulenza viso a Genova"
"2","Centro estetico Genova: quali trattamenti viso scegliere davvero","Centro estetico a Genova: guida ai trattamenti viso più richiesti","centro estetico Genova","estetica avanzata Genova; trattamento viso Genova centro; beauty center Genova viso; benessere viso Genova; skincare Genova","Richiedi una consulenza nel centro di Genova"
"3","Trattamenti viso Genova: i migliori percorsi per pelle spenta, secca o impura","Trattamenti viso a Genova: quale percorso scegliere per la tua pelle","trattamenti viso Genova","trattamento pelle secca Genova; trattamento pelle impura Genova; trattamento pelle spenta Genova; analisi pelle Genova; consulenza skincare Genova","Scopri il trattamento viso più adatto a Genova"
"4","Skincare professionale Genova: perché una consulenza cambia davvero i risultati","Skincare professionale a Genova: routine e trattamenti su misura","skincare professionale Genova","consulenza skincare Genova; piano skincare personalizzato Genova; routine viso personalizzata Genova; specialista skincare Genova; trattamento skincare Genova centro","Prenota la tua consulenza skincare a Genova"
"5","Consulenza pelle Genova: analisi professionale per capire cosa fare davvero","Consulenza pelle a Genova: da dove iniziare per migliorare il viso","consulenza pelle Genova","analisi della pelle Genova; check pelle viso Genova; anamnesi pelle Genova; trattamento viso su misura Genova; centro skincare Genova","Richiedi un check pelle a Genova"
"6","Analisi pelle Genova: il primo passo per una skincare efficace","Analisi della pelle a Genova: come funziona e quando farla","analisi pelle Genova","consulenza viso Genova; analisi della pelle Genova; consulenza skincare Genova; trattamento viso personalizzato Genova; skincare professionale Genova","Prenota un’analisi pelle a Genova"
"7","Pulizia viso Genova: quando serve davvero e come scegliere quella giusta","Pulizia viso a Genova: guida pratica per scegliere il trattamento","pulizia viso Genova","pulizia viso professionale Genova; pulizia viso delicata Genova; pulizia viso Genova centro; centro trattamenti viso Genova; estetica viso Genova centro","Prenota la tua pulizia viso a Genova"
"8","Pulizia viso profonda Genova: per chi è indicata e quali benefici offre","Pulizia viso profonda a Genova: benefici, tempi e risultati attesi","pulizia viso profonda Genova","pulizia viso pelle sensibile Genova; trattamento purificante viso Genova; trattamento riequilibrante viso Genova; trattamento pori dilatati Genova; estetica avanzata viso Genova","Richiedi una pulizia viso profonda a Genova"
"9","Estetica avanzata Genova: radiofrequenza, ossigenoterapia e trattamenti viso evoluti","Estetica avanzata a Genova: quali tecnologie scegliere per il viso","estetica avanzata Genova","radiofrequenza viso Genova; ossigenoterapia viso Genova; trattamento illuminante viso Genova; trattamento detox viso Genova; centro viso professionale Genova","Prenota una consulenza di estetica avanzata a Genova"
"10","Radiofrequenza viso Genova: come funziona e quando conviene","Radiofrequenza viso a Genova: guida completa al trattamento antiage non invasivo","radiofrequenza viso Genova","radiofrequenza antiage Genova; trattamento lifting non invasivo Genova; trattamento compattezza pelle Genova; trattamento elasticità pelle Genova; antiage viso Genova","Scopri se la radiofrequenza viso è adatta a te a Genova"
"11","Ossigenoterapia viso Genova: il trattamento glow per pelle spenta e stressata","Ossigenoterapia viso a Genova: quando sceglierla e per chi è utile","ossigenoterapia viso Genova","trattamento viso effetto glow Genova; trattamento pelle stanca Genova; pelle luminosa Genova trattamento; trattamento luminosità viso Genova; skincare professionale Genova","Prenota un trattamento viso glow a Genova"
"12","Trattamento antiage Genova: come migliorare tono, idratazione e luminosità","Trattamento antiage a Genova: soluzioni viso per pelle matura o segnata","trattamento antiage Genova","antiage viso Genova; trattamento prime rughe Genova; trattamento pelle matura Genova; trattamento rughe sottili Genova; trattamento tono della pelle Genova","Prenota una consulenza antiage a Genova"
"13","Trattamento pelle secca Genova: come reidratare il viso in modo professionale","Pelle secca a Genova: quali trattamenti viso aiutano davvero","trattamento pelle secca Genova","trattamento pelle disidratata Genova; idratazione viso Genova; trattamento idratante viso Genova; trattamento booster idratazione Genova; consulenza pelle Genova","Richiedi un trattamento idratante viso a Genova"
"14","Trattamento pelle spenta Genova: come ritrovare luminosità e texture uniforme","Pelle spenta a Genova: i trattamenti viso più utili per ritrovare luce","trattamento pelle spenta Genova","trattamento luminosità viso Genova; trattamento texture pelle Genova; pelle luminosa Genova trattamento; trattamento detox viso Genova; ossigenoterapia viso Genova","Prenota un trattamento luminosità viso a Genova"
"15","Trattamento collo e décolleté Genova: la zona spesso dimenticata nella skincare","Collo e décolleté a Genova: trattamenti estetici per idratazione e tono","trattamento collo décolleté Genova","trattamento viso collo décolleté Genova; trattamento antiage Genova; trattamento elasticità pelle Genova; trattamento photoaging Genova; trattamento danni da sole viso Genova","Prenota una consulenza collo e décolleté a Genova"
"16","Cosmetologa Sestri Ponente Genova: trattamenti viso e skincare di quartiere","Cosmetologa a Sestri Ponente: dove iniziare per migliorare davvero la pelle","cosmetologa Sestri Ponente Genova","trattamenti viso Sestri Ponente Genova; skincare Sestri Ponente Genova; pulizia viso Sestri Ponente Genova; centro estetico Sestri Ponente Genova; consulenza pelle Genova","Prenota una consulenza a Sestri Ponente"
"17","Centro estetico Via XX Settembre Genova: guida ai trattamenti viso in centro","Trattamenti viso in Via XX Settembre a Genova: cosa scegliere","centro estetico Via XX Settembre Genova","trattamenti viso Via XX Settembre Genova; skincare Via XX Settembre Genova; cosmetologa Via XX Settembre Genova; Genova centro città; pulizia viso centro Genova","Prenota il tuo trattamento viso in centro a Genova"
"18","Cosmetologa Ventimiglia: skincare professionale e trattamenti viso in Liguria","Cosmetologa a Ventimiglia: quali trattamenti viso scegliere","cosmetologa Ventimiglia","centro estetico Ventimiglia; trattamenti viso Ventimiglia; skincare Ventimiglia; antiage viso Ventimiglia; consulenza pelle Ventimiglia","Richiedi una consulenza a Ventimiglia"
"19","Pulizia viso o biorivitalizzazione a Genova: differenze, obiettivi e quando scegliere","Pulizia viso o biorivitalizzazione: come capire cosa serve alla tua pelle","differenza tra pulizia viso e biorivitalizzazione Genova","skincare dopo biorivitalizzazione Genova; pelle disidratata o biorivitalizzazione Genova; trattamento viso acido ialuronico Genova; consulenza pelle Genova; trattamento idratazione profonda viso Genova","Prenota una consulenza pelle per capire il percorso giusto"
"20","Skincare dopo filler labbra o skin booster a Genova: come mantenere la pelle curata","Come mantenere la pelle e il contorno labbra dopo trattamenti medico-estetici","skincare dopo filler labbra Genova","trattamento contorno labbra Genova; idratazione labbra Genova; trattamento labbra secche Genova; skincare post trattamento viso medico Genova; trattamento estetico complementare alla medicina estetica Genova","Richiedi una consulenza skincare post-trattamento a Genova"