articolo_n,titolo_seo,h1,slug_url,meta_description,intent,outline_h2,faq,brief_copywriter
1,Cosmetologa Genova: trattamenti viso personalizzati per una pelle più luminosa,Cosmetologa a Genova: come scegliere il trattamento viso giusto,/blog/cosmetologa-genova-trattamenti-viso,"Scopri come scegliere trattamenti viso personalizzati a Genova con una cosmetologa: consulenza pelle, skincare professionale e percorso su misura.",Commerciale locale,Cosmetologa a Genova: cosa valutare; Quali trattamenti viso aiutano davvero; Per chi è indicata una consulenza pelle; Come funziona il primo appuntamento; Perché scegliere un centro a Genova,Quanto dura una consulenza viso? | Come capire il trattamento giusto? | Ogni quanto fare un trattamento viso? | Serve analisi della pelle? | Come prenotare a Genova?,"Target: donne 25-55 a Genova. Focus su scelta del trattamento, consulenza e conversione. Tono rassicurante, locale, professionale. CTA: prenota consulenza viso a Genova."
2,Centro estetico Genova: quali trattamenti viso scegliere davvero,Centro estetico a Genova: guida ai trattamenti viso più richiesti,/blog/centro-estetico-genova-trattamenti-viso,"Guida ai trattamenti viso più richiesti in un centro estetico a Genova: skincare, pulizia viso, estetica avanzata e consulenza personalizzata.",Commerciale locale,Quali trattamenti viso sono più richiesti; Come scegliere un centro estetico; Differenze tra skincare base e avanzata; Quando prenotare una consulenza; Perché il fattore locale conta,Quali servizi viso cercare? | Quanto conta la consulenza iniziale? | Meglio centro o trattamento singolo? | Come confrontare le opzioni? | Dove prenotare a Genova?,Target local search high intent. Spiegare offerta e aiutare a scegliere il centro. CTA: richiedi una consulenza nel centro di Genova.
3,"Trattamenti viso Genova: i migliori percorsi per pelle spenta, secca o impura",Trattamenti viso a Genova: quale percorso scegliere per la tua pelle,/blog/trattamenti-viso-genova-percorsi-pelle,"Pelle secca, spenta o impura? Scopri i trattamenti viso a Genova più adatti in base alle esigenze della pelle e agli obiettivi di risultato.",Commerciale locale,Come riconoscere il bisogno della pelle; Trattamenti per pelle secca; Trattamenti per pelle spenta; Trattamenti per pelle impura; Come scegliere il percorso giusto,Come capire il proprio tipo di pelle? | Quale trattamento per pelle secca? | E per pelle spenta? | Serve una routine a casa? | Come prenotare a Genova?,Target: problemi specifici di pelle. Intento misto commerciale/informativo. CTA: scopri il trattamento viso più adatto a Genova.
4,Skincare professionale Genova: perché una consulenza cambia davvero i risultati,Skincare professionale a Genova: routine e trattamenti su misura,/blog/skincare-professionale-genova-consulenza,"Una consulenza di skincare professionale a Genova aiuta a scegliere routine e trattamenti su misura per migliorare pelle, idratazione e luminosità.",Commerciale locale,Cos’è la skincare professionale; Errori comuni nella routine viso; Perché una consulenza accelera i risultati; Trattamenti da affiancare alla routine; Quando aggiornare il piano skincare,Cosa include una consulenza skincare? | Ogni quanto rivedere la routine? | Quali errori evitare? | Serve anche se uso già prodotti? | Dove prenotare a Genova?,Posizionare la cosmetologa come guida autorevole. CTA: prenota la tua consulenza skincare a Genova.
5,Consulenza pelle Genova: analisi professionale per capire cosa fare davvero,Consulenza pelle a Genova: da dove iniziare per migliorare il viso,/blog/consulenza-pelle-genova,"Scopri come funziona una consulenza pelle a Genova: analisi del viso, obiettivi, trattamento consigliato e piano skincare personalizzato.",Commerciale locale,Perché partire dalla consulenza; Cosa osservare durante l’analisi pelle; Quali obiettivi impostare; Come si costruisce un piano su misura; Quando tornare per il controllo,Perché fare una consulenza? | Cosa viene valutato? | Quanto dura? | Cosa succede dopo? | Come prenotare a Genova?,Focus conversione soft. CTA: richiedi un check pelle a Genova.
6,Analisi pelle Genova: il primo passo per una skincare efficace,Analisi della pelle a Genova: come funziona e quando farla,/blog/analisi-pelle-genova,"L’analisi della pelle a Genova è il primo passo per impostare skincare e trattamenti viso in modo più preciso, realistico e personalizzato.",Commerciale locale,Che cos’è l’analisi della pelle; Quando è utile farla; Cosa può emergere dal check; Come cambia la routine dopo l’analisi; Come prenotare,Che cos’è l’analisi pelle? | Quando farla? | È utile per pelle sensibile? | Aiuta a scegliere i prodotti? | Dove farla a Genova?,Intent forte su consulenza e diagnosi cosmetologica. CTA: prenota un’analisi pelle a Genova.
7,Pulizia viso Genova: quando serve davvero e come scegliere quella giusta,Pulizia viso a Genova: guida pratica per scegliere il trattamento,/blog/pulizia-viso-genova,"Pulizia viso a Genova: scopri quando farla, per chi è indicata e come scegliere un trattamento professionale davvero adatto alla pelle.",Commerciale locale,Quando serve una pulizia viso; A chi è indicata; Differenze tra pulizia base e profonda; Cosa aspettarsi dopo il trattamento; Come scegliere il centro,Ogni quanto fare pulizia viso? | È adatta a pelle sensibile? | Fa bene ai pori dilatati? | Cosa fare dopo il trattamento? | Dove prenotare a Genova?,Articolo evergreen high intent. CTA: prenota la tua pulizia viso a Genova.
8,Pulizia viso profonda Genova: per chi è indicata e quali benefici offre,"Pulizia viso profonda a Genova: benefici, tempi e risultati attesi",/blog/pulizia-viso-profonda-genova,"Pulizia viso profonda a Genova: benefici, tempi e indicazioni per chi vuole un trattamento purificante professionale e mirato.",Commerciale locale,Cos’è la pulizia viso profonda; Quando conviene sceglierla; Benefici su impurità e pori; Cosa aspettarsi nelle ore successive; Quando ripeterla,Chi dovrebbe farla? | Fa male? | Quanto dura? | Aiuta la pelle impura? | Dove fare pulizia profonda a Genova?,Target pelli impure e pori. CTA: richiedi una pulizia viso profonda a Genova.
9,"Estetica avanzata Genova: radiofrequenza, ossigenoterapia e trattamenti viso evoluti",Estetica avanzata a Genova: quali tecnologie scegliere per il viso,/blog/estetica-avanzata-genova,"Estetica avanzata a Genova: panoramica su radiofrequenza, ossigenoterapia e trattamenti viso evoluti per luminosità, tono e comfort cutaneo.",Commerciale locale,Che cosa si intende per estetica avanzata; Radiofrequenza: quando sceglierla; Ossigenoterapia: quando preferirla; Come scegliere la tecnologia giusta; Come prenotare una consulenza,Cos’è l’estetica avanzata? | Quale tecnologia scegliere? | Serve una consulenza? | È adatta alla pelle sensibile? | Dove farla a Genova?,Articolo cluster hub per tecnologie viso. CTA: prenota una consulenza di estetica avanzata a Genova.
10,Radiofrequenza viso Genova: come funziona e quando conviene,Radiofrequenza viso a Genova: guida completa al trattamento antiage non invasivo,/blog/radiofrequenza-viso-genova,"Radiofrequenza viso a Genova: come funziona, a chi è utile e quando può essere inserita in un percorso antiage non invasivo.",Commerciale locale,Come funziona la radiofrequenza viso; Per chi è indicata; Benefici percepiti su tono ed elasticità; Quante sedute considerare; Come scegliere il centro giusto,La radiofrequenza è dolorosa? | Quante sedute servono? | È adatta alla pelle matura? | Si abbina ad altri trattamenti? | Dove farla a Genova?,Focus tecnologia specifica. CTA: scopri se la radiofrequenza viso è adatta a te a Genova.
11,Ossigenoterapia viso Genova: il trattamento glow per pelle spenta e stressata,Ossigenoterapia viso a Genova: quando sceglierla e per chi è utile,/blog/ossigenoterapia-viso-genova,"Ossigenoterapia viso a Genova: trattamento ideale per pelle spenta, disidratata o stressata, con focus su luminosità e comfort cutaneo.",Commerciale locale,Cos’è l’ossigenoterapia viso; A chi è utile; Benefici su luminosità e idratazione; Quando farla prima di un evento; Come inserirla nella routine,Cos’è l’ossigenoterapia? | È indicata prima di un evento? | Aiuta la pelle spenta? | Si può abbinare ad altri trattamenti? | Dove farla a Genova?,"Puntare su glow, evento, luminosità. CTA: prenota un trattamento viso glow a Genova."
12,"Trattamento antiage Genova: come migliorare tono, idratazione e luminosità",Trattamento antiage a Genova: soluzioni viso per pelle matura o segnata,/blog/trattamento-antiage-genova,"Trattamento antiage a Genova: guida alle soluzioni viso per migliorare tono, idratazione, luminosità e comfort della pelle nel tempo.",Commerciale locale,Quando iniziare con l’antiage; Obiettivi realistici di un percorso viso; Trattamenti utili per pelle matura; Routine domiciliare di supporto; Perché la continuità conta,Quando iniziare l’antiage? | Quali trattamenti funzionano meglio? | Serve una routine a casa? | Quanto conta la costanza? | Dove prenotare a Genova?,Cluster antiage. CTA: prenota una consulenza antiage a Genova.
13,Trattamento pelle secca Genova: come reidratare il viso in modo professionale,Pelle secca a Genova: quali trattamenti viso aiutano davvero,/blog/trattamento-pelle-secca-genova,"Pelle secca a Genova? Scopri i trattamenti viso più utili per reidratare il viso, migliorare il comfort cutaneo e scegliere una routine efficace.",Commerciale locale,Come riconoscere la pelle secca; Errori comuni che peggiorano la disidratazione; Trattamenti viso utili; Routine skincare di supporto; Quando prenotare una consulenza,Come capire se la pelle è secca o disidratata? | Quali trattamenti aiutano? | Cosa evitare a casa? | Serve una routine personalizzata? | Dove prenotare a Genova?,Focus problema specifico. CTA: richiedi un trattamento idratante viso a Genova.
14,Trattamento pelle spenta Genova: come ritrovare luminosità e texture uniforme,Pelle spenta a Genova: i trattamenti viso più utili per ritrovare luce,/blog/trattamento-pelle-spenta-genova,"Trattamenti per pelle spenta a Genova: idee utili per ritrovare luminosità, texture più uniforme e una routine viso più efficace.",Commerciale locale,Perché la pelle appare spenta; Trattamenti che aiutano la luminosità; Il ruolo dell’esfoliazione delicata; Come mantenere l’effetto glow; Quando fare una consulenza,Perché la pelle è spenta? | Quali trattamenti aiutano la luminosità? | L’esfoliazione è sempre utile? | Come mantenere i risultati? | Dove prenotare a Genova?,Focus glow e texture. CTA: prenota un trattamento luminosità viso a Genova.
15,Trattamento collo e décolleté Genova: la zona spesso dimenticata nella skincare,Collo e décolleté a Genova: trattamenti estetici per idratazione e tono,/blog/trattamento-collo-decollete-genova,"Collo e décolleté meritano un percorso dedicato: scopri a Genova i trattamenti estetici per migliorare idratazione, tono e luminosità di queste aree.",Commerciale locale,Perché trattare collo e décolleté; Segnali da non ignorare; Trattamenti utili e non invasivi; Skincare quotidiana per mantenere i risultati; Come prenotare,Perché collo e décolleté invecchiano prima? | Quali trattamenti scegliere? | Serve anche una routine a casa? | Ogni quanto fare il trattamento? | Dove prenotare a Genova?,Niche area commercial. CTA: prenota una consulenza collo e décolleté a Genova.
16,Cosmetologa Sestri Ponente Genova: trattamenti viso e skincare di quartiere,Cosmetologa a Sestri Ponente: dove iniziare per migliorare davvero la pelle,/blog/cosmetologa-sestri-ponente-genova,"Cerchi una cosmetologa a Sestri Ponente? Scopri trattamenti viso, skincare professionale e consulenze locali per migliorare la pelle con continuità.",Commerciale GEO,Perché scegliere un centro di quartiere; I trattamenti viso più richiesti; Come funziona la consulenza locale; Vantaggi di continuità e vicinanza; Come prenotare a Sestri Ponente,Perché scegliere una cosmetologa di zona? | Quali trattamenti si fanno? | È utile per la routine? | Come prenotare vicino casa? | Dove andare a Sestri Ponente?,Articolo GEO quartiere. CTA: prenota una consulenza a Sestri Ponente.
17,Centro estetico Via XX Settembre Genova: guida ai trattamenti viso in centro,Trattamenti viso in Via XX Settembre a Genova: cosa scegliere,/blog/centro-estetico-via-xx-settembre-genova,Trattamenti viso in centro a Genova: guida pratica per scegliere un centro estetico in Via XX Settembre e orientarsi tra consulenza e servizi viso.,Commerciale GEO,Perché scegliere un centro in centro città; Trattamenti viso più utili per chi lavora in centro; Come valutare comodità e frequenza; Consulenza e personalizzazione; Prenotazione facile,Quali vantaggi ha un centro in centro? | Quali trattamenti scegliere? | Serve prenotare in anticipo? | È utile per chi lavora in zona? | Dove prenotare in Via XX Settembre?,Articolo GEO centro città. CTA: prenota il tuo trattamento viso in centro a Genova.
18,Cosmetologa Ventimiglia: skincare professionale e trattamenti viso in Liguria,Cosmetologa a Ventimiglia: quali trattamenti viso scegliere,/blog/cosmetologa-ventimiglia,"A Ventimiglia, una cosmetologa può aiutare a scegliere trattamenti viso e skincare professionale in modo più personalizzato e concreto.",Commerciale GEO,Perché fare una consulenza viso a Ventimiglia; Quali trattamenti sono più richiesti; Come scegliere in base al tipo di pelle; Vantaggi di un percorso locale; Come prenotare,Quali trattamenti viso fare a Ventimiglia? | Serve una consulenza iniziale? | È utile per pelle sensibile? | Come scegliere il centro? | Dove prenotare a Ventimiglia?,Articolo GEO Liguria ovest. CTA: richiedi una consulenza a Ventimiglia.
19,"Pulizia viso o biorivitalizzazione a Genova: differenze, obiettivi e quando scegliere",Pulizia viso o biorivitalizzazione: come capire cosa serve alla tua pelle,/blog/pulizia-viso-o-biorivitalizzazione-genova,"Pulizia viso o biorivitalizzazione? Guida informativa per capire differenze, obiettivi e quando orientarsi a una consulenza a Genova.",Informativo-commerciale di confine,Che cos’è una pulizia viso; Che cos’è la biorivitalizzazione; Differenze di obiettivo e approccio; Quando serve una consulenza personalizzata; A chi rivolgersi,Pulizia viso e biorivitalizzazione sono la stessa cosa? | Quando serve l’una o l’altra? | Si possono associare? | Chi esegue la biorivitalizzazione? | Dove chiedere una consulenza a Genova?,Tono prudente. Non attribuire atti medici alla cosmetologa. CTA: prenota una consulenza pelle per capire il percorso giusto.
20,Skincare dopo filler labbra o skin booster a Genova: come mantenere la pelle curata,Come mantenere la pelle e il contorno labbra dopo trattamenti medico-estetici,/blog/skincare-dopo-filler-labbra-skin-booster-genova,"Una buona skincare dopo filler labbra o skin booster può aiutare comfort, idratazione e mantenimento cosmetico della pelle nel quotidiano.",Informativo-commerciale di confine,Perché la skincare post-trattamento conta; Cosa fare nelle prime fasi; Come curare contorno labbra e idratazione; Quali errori evitare; Quando chiedere consiglio professionale,Che skincare usare dopo filler? | Come curare il contorno labbra? | Cosa evitare dopo skin booster? | Quando tornare a un trattamento viso? | Dove chiedere consiglio a Genova?,Tono informativo e complementare. Nessun claim medico. CTA: richiedi una consulenza skincare post-trattamento a Genova.
